val_loss,val_acc,epoch,step,train_loss_epoch,train_acc_epoch
0.12251070141792297,0.949999988079071,0,6,,
,,0,6,0.28087693452835083,0.8660714030265808
